Name,Rarity,Category,Stats,Desc,Image,Available
57 Leaf Clover,Legendary,Utility,Luck=1,All random effects are rolled {{Color|u|+1}} {{Stack|(+1 per stack)}} times for a {{Color|u|favorable outcome}}.,https://static.wikia.nocookie.net/riskofrain2_gamepedia_en/images/9/9c/AC_Icon.png/revision/latest?cb=20251122193424,true
Aegis,Legendary,"Utility,Healing",Healing Converted=50%,Healing past full grants you a {{Color|h|temporary barrier}} for {{Color|h|50%}} {{Stack|(+50% per stack)}} of the amount you {{Color|h|healed}}.,https://static.wikia.nocookie.net/riskofrain2_gamepedia_en/images/e/e5/Aegis.png/revision/latest?cb=20200129193000,true
Alien Head,Legendary,Utility,Cooldown=25%,{{Color|u|Reduce skill cooldowns}} by {{Color|u|25%}} {{Stack|(+25% per stack)}}.,https://static.wikia.nocookie.net/riskofrain2_gamepedia_en/images/d/d0/Alien_Head_Graph_%28Labeled%29.png/revision/latest/scale-to-width-down/200?cb=20200416144410,true
Ancestral Incubator,Untiered,"Utility,OnKillEffect",Chance=7%,"{{Color|d|7%}} chance {{Stack|(+1% per stack)}} on kill to {{Color|u|summon an Ancestral Pod}} that distracts enemies.\r\n\r\nOnce it fully grows, it will hatch into an allied {{Color|d|Parent}} with {{Color|h|100% health}} {{Stack|(+100% per stack)}}.",https://static.wikia.nocookie.net/riskofrain2_gamepedia_en/images/5/51/Ancestral_Incubator.png/revision/latest?cb=20200331153431,true
Armor-Piercing Rounds,Common,"Damage,AIBlacklist",Damage=20%,Deal an additional {{Color|d|20%}} damage {{Stack|(+20% per stack)}} to bosses.,https://static.wikia.nocookie.net/riskofrain2_gamepedia_en/images/f/f0/Armor-Piercing_Rounds.png/revision/latest?cb=20200129193018,true
Artifact Key,Boss,WorldUnique,,A stone shard with immense power.,https://static.wikia.nocookie.net/riskofrain2_gamepedia_en/images/1/17/Artifact_Key.png/revision/latest?cb=20200331153432,false
AtG Missile Mk. 1,Uncommon,Damage,Damage=300%,{{Color|d|10%}} chance to fire a missile that deals {{Color|d|300%}} {{Stack|(+300% per stack)}} TOTAL damage.,https://static.wikia.nocookie.net/riskofrain2_gamepedia_en/images/6/6a/AtG_Missile_Mk._1.png/revision/latest?cb=20200129193020,true
Aurelionite's Blessing,Elite Equipment,,,Become an aspect of radiance.,https://static.wikia.nocookie.net/riskofrain2_gamepedia_en/images/5/50/Aurelionite%27s_Blessing.png/revision/latest?cb=20240909034932,true
Backup Magazine,Common,Utility,Charge=1,Add {{Color|u|+1}} {{Stack|(+1 per stack)}} charge of your {{Color|u|Secondary skill}}.,https://static.wikia.nocookie.net/riskofrain2_gamepedia_en/images/f/f3/Backup_Magazine.png/revision/latest?cb=20200129193022,true
Bandolier,Uncommon,"Utility,OnKillEffect",Chance=18%,{{Color|u|18%}} {{Stack|(+10% per stack)}} chance on kill to drop an ammo pack that {{Color|u|resets all skill cooldowns}}.,https://static.wikia.nocookie.net/riskofrain2_gamepedia_en/images/6/62/Bandolier.png/revision/latest?cb=20200129193024,true
Beads of Fealty,Lunar,,,Seems to do nothing... {{Color|#FF7F7F|but...}},https://static.wikia.nocookie.net/riskofrain2_gamepedia_en/images/0/07/Beads_of_Fealty.png/revision/latest?cb=20200129235330,true
Ben's Raincoat,Legendary,"Utility,Healing",Debuffs Blocked=1,Prevents {{Color|u|1}} {{Stack|(+1 per stack)}} {{Color|d|debuff}} and instead grants a {{Color|h|temporary barrier}} for {{Color|h|10%}} of {{Color|h|maximum health}}. Recharges every {{Color|u|5}} seconds.,https://static.wikia.nocookie.net/riskofrain2_gamepedia_en/images/2/25/Ben%27s_Raincoat.png/revision/latest?cb=20220302043224,true
Benthic Bloom,Void,"Utility,OnStageBeginEffect",Items upgraded=3,{{Color|u|Upgrades 3}} {{Stack|(+3 per stack)}} random items to items of the next {{Color|u|higher rarity}} at the {{Color|u|start of each stage}}. {{Color|v|Corrupts all 57 Leaf Clovers}}.,https://static.wikia.nocookie.net/riskofrain2_gamepedia_en/images/b/b0/Benthic_Bloom.png/revision/latest?cb=20220302043224,true
Berzerker's Pauldron,Uncommon,"Damage,OnKillEffect",Frenzy Duration=6s,{{Color|d|Killing 4 enemies}} within {{Color|d|1}} second sends you into a {{Color|d|frenzy}} for {{Color|d|6s}} {{Stack|(+4s per stack)}}. Increases {{Color|u|movement speed}} by {{Color|u|50%}} and {{Color|d|attack speed}} by {{Color|d|100%}}.,https://static.wikia.nocookie.net/riskofrain2_gamepedia_en/images/a/a6/Berzerker%27s_Pauldron.png/revision/latest?cb=20200129193026,true
Bison Steak,Common,Healing,Health=25,Increases {{Color|h|maximum health}} by {{Color|h|25}} {{Stack|(+25 per stack)}}.,https://static.wikia.nocookie.net/riskofrain2_gamepedia_en/images/9/9f/Bison_Steak.png/revision/latest?cb=20210326093605,true
Blast Shower,Equipment,,,"{{Color|u|Cleanse}} all negative effects. Includes debuffs, damage over time, and nearby projectiles.",https://static.wikia.nocookie.net/riskofrain2_gamepedia_en/images/4/4f/Blast_Shower.png/revision/latest?cb=20200129235330,true
Bolstering Lantern,Common,"Damage,HalcyoniteShrine",Attack Speed=10%,Increase your {{Color|d|attack speed}} by {{Color|d|10%}} {{Stack|(+3.5% per stack)}} for up to {{Color|u|3}} {{Stack|(+1 per stack)}} enemies and allies within {{Color|u|20}} meters.,https://static.wikia.nocookie.net/riskofrain2_gamepedia_en/images/5/50/Bolstering_Lantern.png/revision/latest?cb=20241003200211,true
BoostDamage,Untiered,"Hidden,Damage",Damage Multiplier=10%,,https://static.wikia.nocookie.net/riskofrain2_gamepedia_en/images/9/9c/AC_Icon.png/revision/latest?cb=20251122193424,true
BoostHp,,,,,https://static.wikia.nocookie.net/riskofrain2_gamepedia_en/images/9/9c/AC_Icon.png/revision/latest?cb=20251122193424,true
Bottled Chaos,Legendary,"Utility,AIBlacklist,EquipmentRelated",Effects=1,Trigger a {{Color|d|random equipment}} effect {{Color|d|1}} {{Stack|(+1 per stack)}} time(s).,https://static.wikia.nocookie.net/riskofrain2_gamepedia_en/images/4/42/Bottled_Chaos.png/revision/latest?cb=20220302043224,true
Box of Dynamite,Uncommon,Damage,Damage=240%,"Gain {{Color|d|Lt. Droneboy}}. While in combat, your drones drop sticks of dynamite that detonate for {{Color|d|240% damage}} {{Stack|(+85% per stack)}}, stunning enemies. Recharges after {{Color|u|10}} seconds.",https://static.wikia.nocookie.net/riskofrain2_gamepedia_en/images/f/f1/Box_of_Dynamite.png/revision/latest?cb=20251122210247,true
Brainstalks,Legendary,"Utility,AIBlacklist,OnKillEffect",Duration=4s,"Upon killing an elite monster, {{Color|d|enter a frenzy}} for {{Color|d|4s}} {{Stack|(+4s per stack)}} where {{Color|u|skills have 0.5s cooldowns}}.",https://static.wikia.nocookie.net/riskofrain2_gamepedia_en/images/c/c0/Brainstalks.png/revision/latest?cb=20200129193028,true
Breaching Fin,Uncommon,"Damage,Utility,AIBlacklist,HalcyoniteShrine,DevotionBlacklist",Max Launches=2,Grounded enemies hit with any {{Color|u|skill}} are {{Color|u|launched}} and {{Color|u|stunned}}. Enemies hit while airborne are {{Color|u|launched}} again up to {{Color|u|2 times}} {{Stack|(+1 per stack)}}. Launched enemies take increased damage by {{Color|d|10%}} from all sources per launch. Recharges after {{Color|u|15s}}.,https://static.wikia.nocookie.net/riskofrain2_gamepedia_en/images/9/93/Breaching_Fin.png/revision/latest?cb=20240828192744,true
Brilliant Behemoth,Legendary,Damage,Explosion Radius=4m,All your {{Color|d|attacks explode}} in a {{Color|d|4m}} {{Stack|(+2.5m per stack)}} radius for a bonus {{Color|d|60%}} TOTAL damage to nearby enemies.,https://static.wikia.nocookie.net/riskofrain2_gamepedia_en/images/f/fa/Brilliant_Behemoth.png/revision/latest?cb=20200129193029,true
Brittle Crown,Lunar,Utility,Gold Gained=2,{{Color|u|30% chance on hit}} to gain {{Color|u|2 {{Stack|(+2 per stack)}} gold}}. {{Color|u|Scales over time.}}\r\n\r\n{{Color|hp|Lose gold}} on taking damage equal to {{Color|hp|100%}} {{Stack|(+100% per stack)}} of the {{Color|hp|maximum health percentage you lost}}.,https://static.wikia.nocookie.net/riskofrain2_gamepedia_en/images/d/d8/Plot_brittle_crown.png/revision/latest/scale-to-width-down/200?cb=20200201131550,true
Bundle of Fireworks,Common,"Damage,AIBlacklist,InteractableRelated",Fireworks=8,Activating an interactable {{Color|d|launches 8 {{Stack|(+4 per stack)}} fireworks}} that deal {{Color|d|300%}} base damage.,https://static.wikia.nocookie.net/riskofrain2_gamepedia_en/images/3/3d/Bundle_of_Fireworks.png/revision/latest?cb=20200129193032,true
Bustling Fungus,Common,"Healing,AIBlacklist",Health per Second=4.5%,"After standing still for {{Color|h|1}} second, create a zone that {{Color|h|heals}} for {{Color|h|4.5%}} {{Stack|(+2.25% per stack)}} of your {{Color|h|health}} every second to all allies within {{Color|h|3m}} {{Stack|(+1.5m per stack)}}.",https://static.wikia.nocookie.net/riskofrain2_gamepedia_en/images/3/33/Bustling_Fungus.png/revision/latest?cb=20210329070041,true
Cautious Slug,Common,Healing,Health Regen=3,Increases {{Color|h|base health regeneration}} by {{Color|h|+3 hp/s}} {{Stack|(+3 hp/s per stack)}} while outside of combat.,https://static.wikia.nocookie.net/riskofrain2_gamepedia_en/images/c/c6/Cautious_Slug.png/revision/latest?cb=20210329070118,true
Ceremonial Dagger,Legendary,"Damage,OnKillEffect,AIBlacklist",Damage=150%,Killing an enemy fires out {{Color|d|3}} {{Color|d|homing daggers}} that deal {{Color|d|150%}} {{Stack|(+150% per stack)}} base damage.,https://static.wikia.nocookie.net/riskofrain2_gamepedia_en/images/7/76/Ceremonial_Dagger.png/revision/latest?cb=20200129193038,true
Chance Doll,Uncommon,"Utility,AIBlacklist,CannotDuplicate,HalcyoniteShrine,SacrificeBlacklist",Chance=40%,"On Shrine of Chance success, {{Color|u|40%}} {{Stack|(+10% per stack)}} chance to get higher rarity items.",https://static.wikia.nocookie.net/riskofrain2_gamepedia_en/images/e/e5/Chance_Doll.png/revision/latest?cb=20240828192258,true
Charged Perforator,Boss,Damage,Damage=500%,"{{Color|d|10%}} chance on hit to down a lightning strike, dealing {{Color|d|500%}} {{Stack|(+500% per stack)}} damage.",https://static.wikia.nocookie.net/riskofrain2_gamepedia_en/images/c/cc/Charged_Perforator.png/revision/latest?cb=20210326044120,true
Chronic Expansion,Common,"Damage,OnKillEffect,HalcyoniteShrine",Damage=3.5%,"Killing an enemy increase your damage by {{Color|d|3.5}} {{Stack|(+1% per stack)}}, up to {{Color|u|10}} {{Stack|(+5 per stack)}}, for {{Color|u|7s}}. Dealing damage refreshes the timer.",https://static.wikia.nocookie.net/riskofrain2_gamepedia_en/images/d/d0/Chronic_Expansion.png/revision/latest?cb=20240828192616,true
Chronobauble,Uncommon,Utility,Slow Duration=2s,{{Color|u|Slow}} enemies on hit for {{Color|u|-60% movement speed}} for {{Color|u|2s}} {{Stack|(+2s per stack)}}.,https://static.wikia.nocookie.net/riskofrain2_gamepedia_en/images/3/38/Chronobauble.png/revision/latest?cb=20200129193040,true
Collector's Compulsion,Uncommon,Damage,Stacks=3,"Picking up {{Color|d|an item or other collectible}} increases {{Color|u|all stats}} by {{Color|u|+3% for 20 seconds, up to 3}} {{Stack|(+2 per stack)}} {{Color|u|times}}. Barrels grant minor pickups.",https://static.wikia.nocookie.net/riskofrain2_gamepedia_en/images/b/b7/Collector%27s_Compulsion.png/revision/latest?cb=20251122205203,true
Corpsebloom,Lunar,Healing,Heal=100%,{{Color|h|Heal +100%}} {{Stack|(+100% per stack)}} more. {{Color|h|All healing is applied over time}}. Can {{Color|h|heal}} for a {{Color|h|maximum}} of {{Color|h|10%}} {{Stack|(-50% per stack)}} of your {{Color|h|health per second}}.,https://static.wikia.nocookie.net/riskofrain2_gamepedia_en/images/3/31/Corpsebloom.png/revision/latest?cb=20200129193042,true
Crowbar,Common,Damage,Damage=75%,Deal {{Color|d|+75%}} {{Stack|(+75% per stack)}} damage to enemies above {{Color|d|90% health}}.,https://static.wikia.nocookie.net/riskofrain2_gamepedia_en/images/c/c0/Crowbar.png/revision/latest?cb=20200129193046,true
Death Mark,Uncommon,Damage,Debuff Duration=7s,"Enemies with {{Color|d|4}} or more debuffs are {{Color|d|marked for death}}, increasing damage taken by {{Color|d|50%}} from all sources for {{Color|u|7}} {{Stack|(+7 per stack)}} seconds.",https://static.wikia.nocookie.net/riskofrain2_gamepedia_en/images/3/34/Death_Mark.png/revision/latest?cb=20200331153433,true
Defense Nucleus,Boss,"Damage,OnKillEffect",Max Constructs=4,Killing elite monsters spawns an {{Color|d|Alpha Construct}} with bonus {{Color|d|300%}} damage and {{Color|h|300% health}}. Limited to {{Color|u|4}} {{Stack|(+4 per stack)}}.,https://static.wikia.nocookie.net/riskofrain2_gamepedia_en/images/3/31/Alpha_Construct_%28Ally%29.png/revision/latest?cb=20220303022446,true
Defensive Microbots,Legendary,"Utility,WorldUnique,RebirthBlacklist",Projectiles Shot=1,Shoot down {{Color|d|1}} {{Stack|(+1 per stack)}} projectiles within {{Color|d|20m}} every {{Color|d|0.5 seconds}}. {{Color|u|Recharge rate scales with attack speed}}.,https://static.wikia.nocookie.net/riskofrain2_gamepedia_en/images/d/dd/Defensive_Microbots.png/revision/latest?cb=20200811174752,false
Defiant Gouge,Lunar,"Utility,AIBlacklist",Enemy Difficulty=40%,Using a Shrine summons {{Color|hp|enemies}} {{Stack|(stronger per stack)}} nearby. {{Color|u|Scales over time.}},https://static.wikia.nocookie.net/riskofrain2_gamepedia_en/images/b/b5/Defiant_Gouge.png/revision/latest?cb=20200811165016,true
Delicate Watch,Common,"Damage,LowHealth",Damage=20%,Increase damage by {{Color|d|20%}} {{Stack|(+20% per stack)}}. Taking damage to below {{Color|hp|25% health}} {{Color|u|breaks}} this item.,https://static.wikia.nocookie.net/riskofrain2_gamepedia_en/images/c/c6/Delicate_Watch.png/revision/latest?cb=20220302043224,true
Deus Ex Machina,Equipment,,,"Briefly enter a countering stance that lets you parry {{Color|u|any and ALL}} damage. A successful parry {{Color|h|nullifies incoming damage}}, reduces your equipment cooldown by {{Color|d|75%}}, and grants {{Color|#E6CA65|Blessing}}, causing your next attack to ALWAYS activate your on-hit effects.",https://static.wikia.nocookie.net/riskofrain2_gamepedia_en/images/b/b7/Deus_Ex_Machina.png/revision/latest?cb=20251122230018,true
Dio's Best Friend,Legendary,Utility,Uses=1,"{{Color|u|Upon death}}, this item will be {{Color|u|consumed}} and you will {{Color|h|return to life}} with {{Color|h|3 seconds of invulnerability}}.",https://static.wikia.nocookie.net/riskofrain2_gamepedia_en/images/d/dc/Dio%27s_Best_Friend.png/revision/latest?cb=20200129193050,true
Disposable Missile Launcher,Equipment,,,Fire a swarm of {{Color|d|12}} missiles that deal {{Color|d|12x300% damage}}.,https://static.wikia.nocookie.net/riskofrain2_gamepedia_en/images/7/78/Disposable_Missile_Launcher.png/revision/latest?cb=20200129193051,true
DrizzlePlayerHelper,Untiered,Hidden,Armor=70,,https://static.wikia.nocookie.net/riskofrain2_gamepedia_en/images/9/9c/AC_Icon.png/revision/latest?cb=20251122193424,true
Eccentric Vase,Equipment,,,Create a {{Color|u|quantum tunnel}} of up to {{Color|u|1000m}} in length. Lasts 30 seconds.,https://static.wikia.nocookie.net/riskofrain2_gamepedia_en/images/c/ce/Eccentric_Vase.png/revision/latest?cb=20200129193052,true
Eclipse Lite,Common,"Damage,Shield",Shield=1%,"When a skill comes off cooldown, gain a {{Color|d|temporary barrier}} for {{Color|h|1%}} {{Stack|(+0.25% per stack)}} of your maximum health per second of the skill's base cooldown.",https://static.wikia.nocookie.net/riskofrain2_gamepedia_en/images/0/0c/Eclipse_Lite.png/revision/latest?cb=20251122204244,true
Effigy of Grief,Lunar Equipment,,,ALL characters within are {{Color|u|slowed by 50%}} and have their {{Color|d|armor reduced by 20}}. Can place up to {{Color|u|5}}.,https://static.wikia.nocookie.net/riskofrain2_gamepedia_en/images/4/45/Effigy_of_Grief.png/revision/latest?cb=20200129193053,true
Egocentrism,Lunar,"Damage,Utility",Charge time=3s,"Every {{Color|u|3}} {{Stack|(-50% per stack)}} seconds, gain an {{Color|d|orbiting bomb}} that detonates on impact for {{Color|d|360%}} damage, up to a maximum of {{Color|u|3 bombs}} {{Stack|(+1 per stack)}}. Every {{Color|u|60}} seconds, a random item is {{Color|u|converted}} into this item.",https://static.wikia.nocookie.net/riskofrain2_gamepedia_en/images/9/90/Egocentrism.png/revision/latest?cb=20220302043224,true
Electric Boomerang,Legendary,"Damage,HalcyoniteShrine",Damage=124%,{{Color|d|15%}} chance on hit to fire an electric boomerang that slices through enemies dealing {{Color|d|120% base damage}} {{Stack|(+120% per stack)}} and deals an additional {{Color|d|120% base damage per second}} and {{Color|d|stuns}} all enemies hit. Can {{Color|d|strike}} enemies on the way back.,https://static.wikia.nocookie.net/riskofrain2_gamepedia_en/images/8/8d/Electric_Boomerang.png/revision/latest?cb=20240828193057,true
Elusive Antlers,Common,"Utility,AIBlacklist,HalcyoniteShrine",Orb Frequency=10s,"Spawns orbs of energy nearby every {{Color|u|10s}} {{Stack|(-10% per stack)}}, giving {{Color|u|+12% movement speed}} up to {{Color|u|3}} {{Stack|(+3 per stack)}} {{Color|u|times}} for {{Color|u|12s}}.",https://static.wikia.nocookie.net/riskofrain2_gamepedia_en/images/1/16/Elusive_Antlers.png/revision/latest?cb=20240828193005,true
Empathy Cores,Boss,"Utility,TurretBlacklist",Probe Damage=100%,"Every 30 seconds, {{Color|u|summon two Solus Probes}} that gain {{Color|d|+100%}} {{Stack|(+100% per stack)}} damage per {{Color|u|ally on your team}}.",https://static.wikia.nocookie.net/riskofrain2_gamepedia_en/images/9/95/Delighted_Probe_-_Logbook_Model.jpg/revision/latest/scale-to-width-down/200?cb=20240921081817,true
Encrusted Key,Void,"Utility,AIBlacklist,OnStageBeginEffect",,A {{Color|u|hidden cache}} containing an item (60%/{{Color|h|30%}}/{{Color|hp|10%}}) will appear in a random location {{Color|u|on each stage}}. Opening the cache {{Color|u|consumes}} this item. {{Color|v|Corrupts all Rusted Keys}}.,https://static.wikia.nocookie.net/riskofrain2_gamepedia_en/images/f/fa/Encrusted_Key.png/revision/latest?cb=20220302043224,false
Encrypted Cerebellum,Boss,WorldUnique,,Contains encrypted remnants of the Collective network. Needs to be decrypted before it can be returned.,https://static.wikia.nocookie.net/riskofrain2_gamepedia_en/images/0/09/Encrypted_Cerebellum.png/revision/latest?cb=20251122223003,false
Energy Drink,Common,"Utility,AIBlacklist,SprintRelated",Sprint Speed=25%,{{Color|u|Sprint speed}} is improved by {{Color|u|25%}} {{Stack|(+25% per stack)}}.,https://static.wikia.nocookie.net/riskofrain2_gamepedia_en/images/7/7e/Energy_Drink.png/revision/latest?cb=20200129193054,true
Essence of Heresy,Lunar,"Damage,AIBlacklist,CannotSteal",Ruin Duration=10s,"{{Color|u|Replace your Special Skill}} with {{Color|u|Ruin}}.\r\n\r\nDealing damage adds a stack of {{Color|d|Ruin}} for 10 {{Stack|(+10 per stack)}} seconds. Activating the skill {{Color|d|detonates}} all Ruin stacks at unlimited range, dealing {{Color|d|300% damage}} plus {{Color|d|120% damage per stack of Ruin}}. Recharges after 8 {{Stack|(+8 per stack)}} seconds.",https://static.wikia.nocookie.net/riskofrain2_gamepedia_en/images/b/bc/Ruin.png/revision/latest?cb=20210326042259,true
Eulogy Zero,Lunar,"Utility,BrotherBlacklist",Effect chance=5%,Items have a {{Color|u|5%}} {{Stack|(+5% per stack)}} chance to become a {{Color|lunar|Lunar}} item instead.,https://static.wikia.nocookie.net/riskofrain2_gamepedia_en/images/1/12/Eulogy_Zero.png/revision/latest?cb=20220302060146,true
Executive Card,Equipment,,,"Whenever you make a gold purchase, get {{Color|u|10%}} of the spent gold back. If the purchase is a {{Color|u|multishop}} terminal, the other terminals will {{Color|u|remain open}}.",https://static.wikia.nocookie.net/riskofrain2_gamepedia_en/images/8/82/Executive_Card.png/revision/latest?cb=20220302120708,true
Exposed Cerebellum,Boss,WorldUnique,,A swarming data nexus representing the Collective network. Can be given to a powerful entity.,https://static.wikia.nocookie.net/riskofrain2_gamepedia_en/images/6/61/Exposed_Cerebellum.png/revision/latest?cb=20251122223017,false
Faraday Spur,Uncommon,"Damage,Utility",Movement Speed=160%,"Moving around builds up {{Color|u|charge}}, granting up to {{Color|u|+160% movement speed}} and {{Color|u|+200% jump height}} at 100%. At 25% charge or higher, jumping triggers an {{Color|d|explosive discharge}} for {{Color|d|400%}} {{Stack|(+280% per stack)}} {{Color|d|damage}} in a 5m to 32.3m {{Stack|(+7.5m per stack)}} area.",https://static.wikia.nocookie.net/riskofrain2_gamepedia_en/images/2/23/Faraday_Spur.png/revision/latest?cb=20251122211140,true
Faulty Conductor,Boss,"Damage,Utility",Cooldown=15s,"Every {{Color|u|15}} {{Stack|(-20% per stack)}} {{Color|u|seconds}}, release a wave of electricity that {{Color|h|energizes}} nearby allies for {{Color|u|7}} seconds. Energized allies gain {{Color|d|+30% attack and movement speed}}, and ALWAYS land {{Color|d|critical strikes}} with {{Color|u|electric}} items and attacks.",https://static.wikia.nocookie.net/riskofrain2_gamepedia_en/images/1/16/Faulty_Conductor.png/revision/latest?cb=20251122223034,true
Focus Crystal,Common,Damage,Damage=20%,Increase damage to enemies within {{Color|d|13m}} by {{Color|d|20%}} {{Stack|(+20% per stack)}}.,https://static.wikia.nocookie.net/riskofrain2_gamepedia_en/images/5/59/Focus_Crystal.png/revision/latest?cb=20200129235331,true
Focused Convergence,Lunar,"Utility,AIBlacklist,TurretBlacklist,HoldoutZoneRelated",Charge Speed=30%,"Teleporters charge {{Color|u|30% {{Stack|(+30% per stack)}} faster}}, but the size of the Teleporter zone is {{Color|hp|50%}} {{Stack|(-50% per stack)}} smaller.",https://static.wikia.nocookie.net/riskofrain2_gamepedia_en/images/2/2c/Focused_Convergence.png/revision/latest?cb=20200331153434,true
Foreign Fruit,Equipment,,,Instantly heal for {{Color|h|50% of your maximum health}}.,https://static.wikia.nocookie.net/riskofrain2_gamepedia_en/images/d/d0/Foreign_Fruit.png/revision/latest?cb=20200129193055,true
Forgive Me Please,Equipment,,,Throw a cursed doll out that {{Color|d|triggers}} any {{Color|d|On-Kill}} effects you have every {{Color|u|1}} second for {{Color|u|8}} seconds.,https://static.wikia.nocookie.net/riskofrain2_gamepedia_en/images/7/78/Forgive_Me_Please.png/revision/latest?cb=20200811161828,true
Frost Relic,Legendary,"Damage,OnKillEffect",Maximum Radius=18m,"Killing an enemy surrounds you with an {{Color|d|ice storm}} that deals {{Color|d|1200% damage per second}} and {{Color|u|slows}} enemies by {{Color|u|80%}} for {{Color|u|1.5s}}. The storm {{Color|d|grows with every kill}}, increasing its radius by {{Color|d|2m}}. Stacks up to {{Color|d|18m}} {{Stack|(+12m per stack)}}.",https://static.wikia.nocookie.net/riskofrain2_gamepedia_en/images/f/f9/Frost_Relic_Railgunner_Issue.png/revision/latest/scale-to-width-down/200?cb=20220416052921,true
Fuel Array,Equipment,,,Looks like it could power something. {{Color|#FF7F7F|EXTREMELY unstable...}},https://static.wikia.nocookie.net/riskofrain2_gamepedia_en/images/f/fe/Fuel_Array.png/revision/latest?cb=20200129193057,true
Fuel Cell,Uncommon,"Utility,AIBlacklist,EquipmentRelated",Charges=1,Hold an {{Color|u|additional equipment charge}} {{Stack|(+1 per stack)}}. {{Color|u|Reduce equipment cooldown}} by {{Color|u|15%}} {{Stack|(+15% per stack)}}.,https://static.wikia.nocookie.net/riskofrain2_gamepedia_en/images/4/4d/Fuel_Cell.png/revision/latest?cb=20200129193058,true
Functional Coupler,Boss,Utility,Additional Equipment Held=1,Hold {{Color|u|1 additional equipment}} {{Stack|(+1 per stack)}}. Press the {{Color|u|interact}} and {{Color|u|equipment}} buttons to cycle through held equipment.,https://static.wikia.nocookie.net/riskofrain2_gamepedia_en/images/0/07/Functional_Coupler.png/revision/latest?cb=20251122222946,true
Gasoline,Common,"Damage,OnKillEffect",Damage=150%,"Killing an enemy {{Color|d|ignites}} all enemies within {{Color|d|12m}} {{Stack|(+4m per stack)}} for {{Color|d|150%}} base damage. Additionally, enemies {{Color|d|burn}} for {{Color|d|150%}} {{Stack|(+75% per stack)}} base damage.",https://static.wikia.nocookie.net/riskofrain2_gamepedia_en/images/6/6e/Gasoline.png/revision/latest?cb=20200129193059,true
Genesis Loop,Boss,"Damage,LowHealth",Recharge Speed=100%,"Falling below {{Color|hp|25% health}} causes you to explode, dealing {{Color|d|6000% base damage}}. Recharges every {{Color|u|30 / (2 {{Stack|+1 per stack}}) seconds}} .",https://static.wikia.nocookie.net/riskofrain2_gamepedia_en/images/c/c8/Genesis_Loop.png/revision/latest?cb=20200129235333,true
Gesture of the Drowned,Lunar,"Utility,EquipmentRelated",Cooldown Reduction=50%,{{Color|u|Reduce Equipment cooldown}} by {{Color|u|50%}} {{Stack|(+15% per stack)}}. Forces your Equipment to {{Color|u|activate}} whenever it is off {{Color|u|cooldown}}.,https://static.wikia.nocookie.net/riskofrain2_gamepedia_en/images/c/c9/Gesture_of_the_Drowned.png/revision/latest?cb=20200129193100,true
Ghor's Tome,Uncommon,"Utility,OnKillEffect",Drop Chance=4%,{{Color|u|4%}} {{Stack|(+4% on stack)}} chance on kill to drop a treasure worth {{Color|u|$25}}. {{Color|u|Scales over time.}},https://static.wikia.nocookie.net/riskofrain2_gamepedia_en/images/9/9a/Ghor%27s_Tome.png/revision/latest?cb=20200129235334,true
Ghost,Untiered,Hidden,,,https://static.wikia.nocookie.net/riskofrain2_gamepedia_en/images/9/9c/AC_Icon.png/revision/latest?cb=20251122193424,true
Glowing Meteorite,Lunar Equipment,,,"{{Color|d|Rain meteors}} from the sky, damaging ALL characters for {{Color|d|600% damage per blast}}. Lasts 20 seconds.",https://static.wikia.nocookie.net/riskofrain2_gamepedia_en/images/f/f4/Glowing_Meteorite.png/revision/latest?cb=20200129193102,true
Gnarled Woodsprite,Equipment,,,Gain a Woodsprite follower that heals for {{Color|h|1.5% of your maximum health/second}}. Can be sent to an ally to heal them for {{Color|h|10% of their maximum health}}.,https://static.wikia.nocookie.net/riskofrain2_gamepedia_en/images/d/d8/Gnarled_Woodsprite.png/revision/latest?cb=20200129193103,true
Goobo Jr.,Equipment,,,Spawn a gummy clone that has {{Color|d|300% damage}} and {{Color|h|300% health}}. Expires in {{Color|u|30}} seconds.,https://static.wikia.nocookie.net/riskofrain2_gamepedia_en/images/3/3a/Goobo_Jr..png/revision/latest?cb=20220302043343,true
Gorag's Opus,Equipment,,,All allies enter a {{Color|d|frenzy}} for {{Color|u|7}} seconds. Increases {{Color|u|movement speed}} by {{Color|u|50%}} and {{Color|d|attack speed}} by {{Color|d|100%}}.,https://static.wikia.nocookie.net/riskofrain2_gamepedia_en/images/5/56/Gorag%27s_Opus.png/revision/latest?cb=20200811161829,true
Growth Nectar,Legendary,"Utility,HalcyoniteShrine",Maximum Buffs=4,"Grants 4% increase to {{Color|u|ALL stats}} for each buff, up to a maximum of {{Color|u|4}} {{Stack|(+4 per stack)}}.",https://static.wikia.nocookie.net/riskofrain2_gamepedia_en/images/8/8e/Growth_Nectar.png/revision/latest?cb=20240828192126,true
H3AD-5T v2,Legendary,"Damage,Utility,AIBlacklist",Cooldown=10s,"Increase {{Color|u|jump height}}. Creates a {{Color|d|5m-100m}} radius {{Color|d|kinetic explosion}} on hitting the ground, dealing {{Color|d|1000%-10000%}} base damage that scales up with {{Color|d|fall distance}}. Recharges in {{Color|d|10}} {{Stack|(-50% per stack)}} seconds.",https://static.wikia.nocookie.net/riskofrain2_gamepedia_en/images/3/36/H3AD-5T_v2.png/revision/latest?cb=20200129193104,true
Halcyon Seed,Boss,"Utility,WorldUnique,CannotSteal,TurretBlacklist,HoldoutZoneRelated",Health=100%,Summon {{Color|d|Aurelionite}} during the teleporter event. It has {{Color|d|100% {{Stack|(+50% per stack)}} damage}} and {{Color|h|100% {{Stack|(+100% per stack)}} health}}.,https://static.wikia.nocookie.net/riskofrain2_gamepedia_en/images/4/48/Aurelionite_-_Logbook_Model.jpg/revision/latest/scale-to-width-down/190?cb=20200909171042,false
Happiest Mask,Legendary,"Damage,Utility,OnKillEffect",Ghost Duration=30s,Killing enemies has a {{Color|d|7%}} chance to {{Color|d|spawn a ghost}} of the killed enemy with {{Color|d|1500%}} damage. Lasts {{Color|d|30s}} {{Stack|(+30s per stack)}}.,https://static.wikia.nocookie.net/riskofrain2_gamepedia_en/images/d/d4/Happiest_Mask.png/revision/latest?cb=20200129193106,true
Hardlight Afterburner,Legendary,Utility,Charges=2,Add {{Color|u|+2}} {{Stack|(+2 per stack)}} charges of your {{Color|u|Utility skill}}. {{Color|u|Reduces Utility skill cooldown}} by {{Color|u|33%}}.,https://static.wikia.nocookie.net/riskofrain2_gamepedia_en/images/2/20/Hardlight_Afterburner.png/revision/latest?cb=20200129193107,true
Harvester's Scythe,Uncommon,Healing,Heal=8,Gain {{Color|d|5% critical chance}}. {{Color|d|Critical strikes}} {{Color|h|heal}} for {{Color|h|8}} {{Stack|(+4 per stack)}} {{Color|h|health}}.,https://static.wikia.nocookie.net/riskofrain2_gamepedia_en/images/e/e1/Harvester%27s_Scythe.png/revision/latest?cb=20200129193108,true
HealthDecay,Untiered,Hidden,Health Regen=- Health/Stacksize,,https://static.wikia.nocookie.net/riskofrain2_gamepedia_en/images/9/9c/AC_Icon.png/revision/latest?cb=20251122193424,true
Helfire Tincture,Lunar Equipment,,,"Ignite ALL characters within 15m for 12s. Deal {{Color|d|5% of your maximum health/second as burning}} as damage. The burn is {{Color|d|0.5x}} stronger on yourself, {{Color|d|0.25x}} stronger on allies, and {{Color|d|24x}} stronger on enemies.",https://static.wikia.nocookie.net/riskofrain2_gamepedia_en/images/4/4d/Helfire_Tincture.png/revision/latest?cb=20200129193109,true
Her Biting Embrace,Elite Equipment,,,Become an aspect of ice.,https://static.wikia.nocookie.net/riskofrain2_gamepedia_en/images/9/98/Glacial_Survivors.png/revision/latest/scale-to-width-down/200?cb=20220327080539,true
Hiker's Boots,Common,Damage,Crit Damage=1%,"Striking enemies from a higher elevation grants {{Color|d|+1%}} {{Stack|(+1% per stack)}} {{Color|d|critical strike chance}} and {{Color|d|critical strike damage}}, up to {{Color|u|10 times}}. Lasts 10 seconds.",https://static.wikia.nocookie.net/riskofrain2_gamepedia_en/images/7/7a/Hiker%27s_Boots.png/revision/latest?cb=20251123013936,true
His Reassurance,Elite Equipment,,,Become an aspect of earth.,https://static.wikia.nocookie.net/riskofrain2_gamepedia_en/images/4/4b/Mending_Survivors.png/revision/latest/scale-to-width-down/200?cb=20220327060440,true
His Spiteful Boon,Elite Equipment,,,Become an aspect of spite.,https://static.wikia.nocookie.net/riskofrain2_gamepedia_en/images/a/ab/His_Spiteful_Boon.png/revision/latest?cb=20240909035021,true
Hooks of Heresy,Lunar,"Damage,AIBlacklist,CannotSteal",Root Duration=3s,"{{Color|u|Replace your Secondary Skill }} with {{Color|u|Slicing Maelstrom}}.\r\n\r\nCharge up a projectile that deals {{Color|d|875% damage per second}} to nearby enemies, exploding after {{Color|u|3}} seconds to deal {{Color|d|700% damage}} and {{Color|d|root}} enemies for {{Color|u|3}} {{Stack|(+3 per stack)}} seconds. Recharges after 5 {{Stack|(+5 per stack)}} seconds.",https://static.wikia.nocookie.net/riskofrain2_gamepedia_en/images/e/e9/Slicing_Maelstrom.png/revision/latest?cb=20210326042249,true
Hopoo Feather,Uncommon,"Utility,AIBlacklist",Extra Jump=1,Gain {{Color|u|+1}} {{Stack|(+1 per stack)}} maximum {{Color|u|jump count}}.,https://static.wikia.nocookie.net/riskofrain2_gamepedia_en/images/3/3a/Hopoo_Feather.png/revision/latest?cb=20200129193111,true
Hunter's Harpoon,Uncommon,"Utility,OnKillEffect",Duration=1s,"Killing an enemy increases {{Color|u|movement speed}} by {{Color|u|125%}}, fading over {{Color|u|1}} {{Stack|(+0.5 per stack)}} seconds.",https://static.wikia.nocookie.net/riskofrain2_gamepedia_en/images/c/c4/Hunter%27s_Harpoon.png/revision/latest?cb=20220302043224,true
Ifrit's Distinction,Elite Equipment,,,Become an aspect of fire.,https://static.wikia.nocookie.net/riskofrain2_gamepedia_en/images/8/83/Blazing_Survivors.png/revision/latest/scale-to-width-down/200?cb=20220327070459,true
Ignition Tank,Uncommon,Damage,Damage=300%,Ignite effects deal {{Color|d|+300%}} {{Stack|(+300% per stack)}} more damage over time.,https://static.wikia.nocookie.net/riskofrain2_gamepedia_en/images/e/ed/Ignition_Tank.png/revision/latest?cb=20220302052615,true
Infusion,Uncommon,"Utility,Healing,OnKillEffect",Max Health Increase=100,"Killing an enemy increases your {{Color|h|health permanently}} by {{Color|h|1}} {{Stack|(+1 per stack)}}, up to a {{Color|h|maximum}} of {{Color|h|100 {{Stack|(+100 per stack)}} health}}.",https://static.wikia.nocookie.net/riskofrain2_gamepedia_en/images/7/7d/Infusion.png/revision/latest?cb=20200129193113,true
Interstellar Desk Plant,Legendary,"Healing,OnKillEffect",Radius=5m,"On kill, plant a {{Color|h|healing}} fruit seed that grows into a plant after {{Color|u|5}} seconds.\r\n\r\nThe plant {{Color|h|heals}} for {{Color|h|5%}} of {{Color|h|maximum health}} every 0.5 second to all allies within {{Color|h|10m}} {{Stack|(+5.0m per stack)}}. Lasts {{Color|u|10}} seconds.",https://static.wikia.nocookie.net/riskofrain2_gamepedia_en/images/1/1e/Interstellar_Desk_Plant.png/revision/latest?cb=20200331153435,true
Irradiant Pearl,Boss,"Damage,Healing,Utility,WorldUnique",Health=10%,Increases {{Color|u|ALL stats}} by {{Color|u|10%}} {{Stack|(+10% per stack)}}.,https://static.wikia.nocookie.net/riskofrain2_gamepedia_en/images/e/ef/Irradiant_Pearl.png/revision/latest?cb=20200129235334,false
"Item Scrap, Green",Uncommon,"WorldUnique,Scrap",,Does nothing. Prioritized when used with 3D Printers.,https://static.wikia.nocookie.net/riskofrain2_gamepedia_en/images/0/01/Item_Scrap%2C_Green.png/revision/latest?cb=20200811165016,false
"Item Scrap, Red",Legendary,"WorldUnique,Scrap",,Does nothing. Prioritized when used with 3D Printers.,https://static.wikia.nocookie.net/riskofrain2_gamepedia_en/images/4/48/Item_Scrap%2C_Red.png/revision/latest?cb=20200811165017,false
"Item Scrap, White",Common,"WorldUnique,Scrap",,Does nothing. Prioritized when used with 3D Printers.,https://static.wikia.nocookie.net/riskofrain2_gamepedia_en/images/9/99/Item_Scrap%2C_White.png/revision/latest?cb=20200811165018,false
"Item Scrap, Yellow",Boss,"WorldUnique,Scrap",,Does nothing. Prioritized when used with 3D Printers.,https://static.wikia.nocookie.net/riskofrain2_gamepedia_en/images/7/7f/Item_Scrap%2C_Yellow.png/revision/latest?cb=20200811165019,false
Jade Elephant,Equipment,,,Gain {{Color|d|500 armor}} for {{Color|u|5 seconds}}.,https://static.wikia.nocookie.net/riskofrain2_gamepedia_en/images/4/41/Jade_Elephant.png/revision/latest?cb=20200129235337,true
Kinetic Dampener,Uncommon,"Damage,Utility,Healing",Armor=30,"Increases armor by {{Color|u|30}} {{Stack|(+30 per stack)}} while you have a shield. When shield breaks, release a stunning pulse for {{Color|d|100% damage}} plus an amount {{Color|d|equal to 100%}} {{Stack|(+10% per stack)}} {{Color|d|of your max shield}}. Grants a shield for {{Color|h|4% of your max health}}.",https://static.wikia.nocookie.net/riskofrain2_gamepedia_en/images/5/57/Kinetic_Dampener.png/revision/latest?cb=20251122212647,true
Kjaro's Band,Uncommon,Damage,Damage=300%,"Hits that deal {{Color|d|more than 400% damage}} also blasts enemies with a {{Color|d|runic flame tornado}}, dealing {{Color|d|300%}} {{Stack|(+300% per stack)}} TOTAL damage over time. Recharges every {{Color|u|10}} seconds.",https://static.wikia.nocookie.net/riskofrain2_gamepedia_en/images/2/21/Status_ElementalRingsReady.png/revision/latest?cb=20200813023256,true
Laser Scope,Legendary,Damage,Damage=100%,{{Color|d|Critical Strikes}} deal an additional {{Color|d|100% damage}} {{Stack|(+100% per stack)}}.,https://static.wikia.nocookie.net/riskofrain2_gamepedia_en/images/0/00/Laser_Scope.png/revision/latest?cb=20220302050022,true
Leeching Seed,Uncommon,Healing,Heal=1,Dealing damage {{Color|h|heals}} you for {{Color|h|1 {{Stack|(+1 per stack)}} health}}.,https://static.wikia.nocookie.net/riskofrain2_gamepedia_en/images/a/a0/Leeching_Seed.png/revision/latest?cb=20210329070001,true
Lens-Maker's Glasses,Common,Damage,Critical Chance=10%,"Your attacks have a {{Color|d|10%}} {{Stack|(+10% per stack)}} chance to '{{Color|d|Critically Strike}}', dealing {{Color|d|double damage}}.",https://static.wikia.nocookie.net/riskofrain2_gamepedia_en/images/2/23/Lens-Maker%27s_Glasses.png/revision/latest?cb=20200129193116,true
Lepton Daisy,Uncommon,"Healing,AIBlacklist,TurretBlacklist,HoldoutZoneRelated",Healing Nova=1,"Release a {{Color|h|healing nova}} during the Teleporter event, {{Color|h|healing}} all nearby allies for {{Color|h|50%}} of their maximum health. Occurs {{Color|h|1}} {{Stack|(+1 per stack)}} times.",https://static.wikia.nocookie.net/riskofrain2_gamepedia_en/images/6/69/LeptonLily.png/revision/latest/scale-to-width-down/200?cb=20210506163832,true
Light Flux Pauldron,Lunar,Utility,Skill Cooldowns=50%,Decrease {{Color|u|skill cooldowns}} by {{Color|u|50% {{Stack|(+50% per stack)}}}}. Decrease {{Color|d|attack speed}} by {{Color|d|50%}} {{Stack|(+50% per stack)}}.,https://static.wikia.nocookie.net/riskofrain2_gamepedia_en/images/6/6e/Light_Flux_Pauldron.png/revision/latest?cb=20220302095820,true
Little Disciple,Boss,"Damage,SprintRelated",Damage=300%,Fire a {{Color|d|tracking wisp}} for {{Color|d|300% {{Stack|(+300% per stack)}} damage}}. Fires every {{Color|u|1.6}} seconds while sprinting. Fire rate increases with {{Color|u|movement speed}}.,https://static.wikia.nocookie.net/riskofrain2_gamepedia_en/images/0/08/Little_Disciple.png/revision/latest?cb=20200129193117,true
Longstanding Solitude,Lunar,"Utility,Damage,HalcyoniteShrine",Free Purchases=1,{{Color|u|On level up}} gain a free unlock for the next purchase {{Stack|(+1 free unlock per item stack)}} but {{Color|#FF7F7F|all gold is converted to experience}}. Anything that costs gold is increased by 50% {{Stack|(+50% per item stack)}},https://static.wikia.nocookie.net/riskofrain2_gamepedia_en/images/8/8b/Longstanding_Solitude.png/revision/latest?cb=20240828181518,true
Lost Seer's Lenses,Void,Damage,Kill chance=0.5%,Your attacks have a {{Color|d|0.5%}} {{Stack|(+0.5% per stack)}} chance to {{Color|d|instantly kill}} a {{Color|d|non-Boss enemy}}. {{Color|v|Corrupts all Lens-Maker's Glasses}}.,https://static.wikia.nocookie.net/riskofrain2_gamepedia_en/images/1/14/Lost_Seer%27s_Lenses.png/revision/latest?cb=20220302043224,true
Luminous Shot,Uncommon,"Damage,Utility,AIBlacklist,HalcyoniteShrine,DevotionBlacklist",Damage per Charge=175%,"Activating {{Color|u|Secondary skill}} stores up to {{Color|u|5 charges}} {{Stack|(+1 per stack)}}. Requires {{Color|u|3 charges}} for your {{Color|u|Primary skill}} to fire lightning strikes, dealing {{Color|d|175% TOTAL damage}} {{Stack|(+50% per stack)}} each. {{Color|u|Reduces Secondary skill cooldown by 20%}}.",https://static.wikia.nocookie.net/riskofrain2_gamepedia_en/images/2/25/Luminous_Shot.png/revision/latest?cb=20240828192722,true
Lysate Cell,Void,Utility,Charges=1,Add {{Color|u|+1}} {{Stack|(+1 per stack)}} charge of your {{Color|u|Special skill}}. {{Color|u|Reduces Special skill cooldown}} by {{Color|u|33%}}. {{Color|v|Corrupts all Fuel Cells}}.,https://static.wikia.nocookie.net/riskofrain2_gamepedia_en/images/5/53/Lysate_Cell.png/revision/latest?cb=20220302043224,true
Medkit,Common,Healing,Heal=5%,"2 seconds after getting hurt, {{Color|h|heal}} for {{Color|h|20}} plus an additional {{Color|h|5%}} {{Stack|(+5% per stack)}} of {{Color|h|maximum health}}.",https://static.wikia.nocookie.net/riskofrain2_gamepedia_en/images/0/0f/Medkit.png/revision/latest?cb=20200129193118,true
Mercurial Rachis,Lunar,Utility,Range=16m,"Creates a Ward of Power in a random location nearby that buffs both enemies and allies within {{Color|u|16m}} {{Stack|(+50% per stack)}}, causing them to deal {{Color|d|+50%}} damage.",https://static.wikia.nocookie.net/riskofrain2_gamepedia_en/images/2/25/Mercurial_Rachis.png/revision/latest?cb=20200811165019,true
Milky Chrysalis,Equipment,,,Sprout wings and {{Color|u|fly for 15 seconds}}. Gain {{Color|u|+20% movement speed}} for the duration.,https://static.wikia.nocookie.net/riskofrain2_gamepedia_en/images/e/e3/Milky_Chrysalis.png/revision/latest?cb=20200129193119,true
Mired Urn,Boss,"Healing,BrotherBlacklist",Tethered Enemies=1,"While in combat, the nearest 1 {{Stack|(+1 per stack)}} enemies to you within {{Color|d|13m}} will be 'tethered' to you, dealing {{Color|d|100%}} damage per second, applying {{Color|d|tar}}, and {{Color|h|healing}} you for {{Color|h|100%}} of the damage dealt.",https://static.wikia.nocookie.net/riskofrain2_gamepedia_en/images/6/62/Mired_Urn.png/revision/latest?cb=20200811165020,true
Mocha,Common,"Damage,Utility",Attack Speed=7.5%,Increases {{Color|d|attack speed}} by {{Color|d|7.5%}} {{Stack|(+7.5 per stack)}} and {{Color|u|movement speed}} by {{Color|u|7%}} {{Stack|(+7% per stack)}}.,https://static.wikia.nocookie.net/riskofrain2_gamepedia_en/images/4/48/Mocha.png/revision/latest?cb=20220302041305,true
Molotov (6-Pack),Equipment,,,Throw {{Color|d|6}} molotov cocktails that {{Color|d|ignites}} enemies for {{Color|d|500% base damage}}. Each molotov leaves a burning area for {{Color|d|200% damage per second}}.,https://static.wikia.nocookie.net/riskofrain2_gamepedia_en/images/b/bf/Molotov_%286-Pack%29.png/revision/latest?cb=20220302120707,true
Molten Perforator,Boss,Damage,Damage=300%,"{{Color|d|10%}} chance on hit to call forth {{Color|d|3 magma balls}} from an enemy, dealing {{Color|d|300%}} {{Stack|(+300% per stack)}} damage each.",https://static.wikia.nocookie.net/riskofrain2_gamepedia_en/images/7/71/Molten_Perforator.png/revision/latest?cb=20200811165021,true
Monster Tooth,Common,"Healing,OnKillEffect",Health per Orb=2%,Killing an enemy spawns a {{Color|h|healing orb}} that heals for {{Color|h|8}} plus an additional {{Color|h|2%}} {{Stack|(+2% per stack)}} of {{Color|h|maximum health}}.,https://static.wikia.nocookie.net/riskofrain2_gamepedia_en/images/3/3b/Monster_Tooth.png/revision/latest?cb=20200129193120,true
N'kuhana's Opinion,Legendary,Damage,Damage=100%,"Store {{Color|h|100%}} {{Stack|(+100% per stack)}} of healing as {{Color|h|Soul Energy}}. After your {{Color|h|Soul Energy}} reaches {{Color|h|10%}} of your {{Color|h|maximum health}}, {{Color|d|fire a skull}} that deals {{Color|d|250%}} of your {{Color|h|Soul Energy}} as {{Color|d|damage}}.",https://static.wikia.nocookie.net/riskofrain2_gamepedia_en/images/3/35/N%27kuhana%27s_Opinion_-_Skulls%27_Appearance.jpg/revision/latest/scale-to-width-down/200?cb=20200909135538,true
N'kuhana's Retort,Elite Equipment,,,Become an aspect of corruption.,https://static.wikia.nocookie.net/riskofrain2_gamepedia_en/images/f/f9/Malachite_Survivors.png/revision/latest/scale-to-width-down/200?cb=20220327090313,true
Needletick,Void,Damage,Chance to Collapse=10%,{{Color|d|10%}} {{Stack|(+10% per stack)}} chance to {{Color|d|collapse}} an enemy for {{Color|d|400%}} base damage. {{Color|v|Corrupts all Tri-Tip Daggers}}.,https://static.wikia.nocookie.net/riskofrain2_gamepedia_en/images/7/76/Needletick.png/revision/latest?cb=20220302043224,true
Networked Suffering,Legendary,Damage,Number Of Enemies Infected=4,"Infect up to {{Color|u|4}} {{Stack|(+2 per stack)}} enemies with a computer virus that duplicates {{Color|d|50% of all damage taken}} and sends it to a global damage pool. Every 3 seconds, ALL infected enemies suffer {{Color|d|100% pooled damage}}.",https://static.wikia.nocookie.net/riskofrain2_gamepedia_en/images/d/d6/Networked_Suffering.png/revision/latest?cb=20251122214739,true
Neutronium Weight,Lunar,Damage,Damage=-30%,"{{Color|hp|Reduces your stats while in combat}}, but {{Color|u|send this item to an enemy}} on hit. On death, this item will be sent to its holder's killer.\r\n\r\nReduces {{Color|d|damage}} by 30% {{Stack|(+10% per stack)}}, {{Color|d|attack speed}} by 30% {{Stack|(+10% per stack)}}, {{Color|u|movement speed}} by 30% {{Stack|(+10% per stack)}}, and {{Color|u|armor}} by 35 {{Stack|(+15 per stack)}}.",https://static.wikia.nocookie.net/riskofrain2_gamepedia_en/images/a/a2/Neutronium_Weight.png/revision/latest?cb=20251122224850,true
Newly Hatched Zoea,Void,"Damage,TurretBlacklist",Charge time=60s,"Every {{Color|u|60}} {{Stack|(-50% per stack)}} seconds, gain a random {{Color|v|Void}} ally. Can have up to {{Color|u|1}} {{Stack|(+1 per stack)}} allies at a time. {{Color|v|Corrupts all}} {{Color|boss|yellow items}}.",https://static.wikia.nocookie.net/riskofrain2_gamepedia_en/images/0/05/Void_Reaver_%28Ally%29.png/revision/latest?cb=20230615131441,true
Noxious Thorn,Uncommon,"Damage,HalcyoniteShrine",Targets=1,"Gain {{Color|d|10%}} chance to {{Color|d|bleed}} an enemy. On killing an enemy, {{Color|d|transfer 33%}} of every debuff stack to {{Color|d|1 enemy}} {{Stack|(+1 per stack)}} within 20m {{Stack|(+5m per stack)}}.",https://static.wikia.nocookie.net/riskofrain2_gamepedia_en/images/4/4b/Noxious_Thorn.png/revision/latest?cb=20240828193330,true
Ocular HUD,Equipment,,,Gain {{Color|d|+100% Critical Strike Chance}} for 8 seconds.,https://static.wikia.nocookie.net/riskofrain2_gamepedia_en/images/6/68/Ocular_HUD.png/revision/latest?cb=20200129193123,true
Oddly-shaped Opal,Common,Utility,Armor=100,{{Color|h|Increase armor}} by {{Color|h|100}} {{Stack|(+100 per stack)}} while out of danger.,https://static.wikia.nocookie.net/riskofrain2_gamepedia_en/images/f/f3/Oddly-shaped_Opal.png/revision/latest?cb=20220302043224,true
Of One Mind,Elite Equipment,,,Become an aspect of the Collective.,https://static.wikia.nocookie.net/riskofrain2_gamepedia_en/images/8/8b/Of_One_Mind.png/revision/latest?cb=20251123010036,true
Old Guillotine,Uncommon,"Damage,AIBlacklist",Threshold=13%,Instantly kill Elite monsters below {{Color|hp|13% {{Stack|(+13% per stack)}} health}}.,https://static.wikia.nocookie.net/riskofrain2_gamepedia_en/images/8/8d/Old_Guillotine.png/revision/latest?cb=20200201131530,true
Old War Stealthkit,Uncommon,"Utility,LowHealth",Cooldown=30s,Falling below {{Color|hp|25% health}} causes you to gain {{Color|u|40% movement speed}} and {{Color|u|invisibility}} for {{Color|u|5s}}. Recharges every {{Color|u|30 seconds}} {{Stack|(-50% per stack)}}.,https://static.wikia.nocookie.net/riskofrain2_gamepedia_en/images/2/2c/Old_War_Stealthkit.png/revision/latest?cb=20200129193125,true
Orphaned Core,Legendary,"Damage,Utility",Damage=400%,Gain a {{Color|h|friendly Solus unit}} that launches itself at enemies for {{Color|d|400%}} {{Stack|(+400% per stack)}} {{Color|d|damage}}. The unit inherits your {{Color|u|movement speed items}} and deals {{Color|d|more damage the faster it moves}}. The unit can be pet to {{Color|u|cleanse negative effects}}. Recharges after 15 seconds.,https://static.wikia.nocookie.net/riskofrain2_gamepedia_en/images/7/7f/Orphaned_Core.png/revision/latest?cb=20251122214757,true
Paul's Goat Hoof,Common,Utility,Movement Speed=14%,Increases {{Color|u|movement speed}} by {{Color|u|14%}} {{Stack|(+14% per stack)}}.,https://static.wikia.nocookie.net/riskofrain2_gamepedia_en/images/4/4a/Paul%27s_Goat_Hoof.png/revision/latest?cb=20210329070130,true
Pearl,Boss,"Utility,WorldUnique",Health=10%,Increases {{Color|h|maximum health}} by {{Color|h|10%}} {{Stack|(+10% per stack)}}.,https://static.wikia.nocookie.net/riskofrain2_gamepedia_en/images/7/73/Pearl.png/revision/latest?cb=20200129235340,false
Personal Shield Generator,Common,Utility,Shield=8%,Gain a {{Color|h|shield}} equal to {{Color|h|8%}} {{Stack|(+8% per stack)}} of your maximum health. Recharges outside of danger.,https://static.wikia.nocookie.net/riskofrain2_gamepedia_en/images/e/e0/Personal_Shield_Generator.png/revision/latest?cb=20200129193129,true
Planula,Boss,Healing,Healing=15,Heal from {{Color|d|incoming damage}} for {{Color|h|15{{Stack| (+15 per stack)}}}}.,https://static.wikia.nocookie.net/riskofrain2_gamepedia_en/images/a/a9/Planula.png/revision/latest?cb=20210326044119,true
Plasma Shrimp,Void,Damage,Damage=40%,"Gain a {{Color|h|shield}} equal to {{Color|h|10%}} of your maximum health. While you have a {{Color|h|shield}}, hitting an enemy fires a missile that deals {{Color|d|40%}} {{Stack|(+40% per stack)}} TOTAL damage. {{Color|v|Corrupts all AtG Missile Mk. 1s}}.",https://static.wikia.nocookie.net/riskofrain2_gamepedia_en/images/c/cf/Plasma_Shrimp.png/revision/latest?cb=20220302041001,true
Pluripotent Larva,Void,Utility,Uses=1,"{{Color|u|Upon death}}, this item will be {{Color|u|consumed}} and you will {{Color|h|return to life}} with {{Color|h|3 seconds of invulnerability}}, and all of your items that can be {{Color|u|corrupted}} will be. {{Color|v|Corrupts all Dio's Best Friends}}.",https://static.wikia.nocookie.net/riskofrain2_gamepedia_en/images/2/26/Pluripotent_Larva.png/revision/latest?cb=20220302123635,true
Pocket I.C.B.M.,Legendary,Damage,Damage=0%,All missile items and equipment fire an additional {{Color|d|2}} {{Color|d|missiles}}. Increase missile damage by {{Color|d|0%}} {{Stack|(+50% per stack)}},https://static.wikia.nocookie.net/riskofrain2_gamepedia_en/images/f/ff/Pocket_I.C.B.M..png/revision/latest?cb=20220302043224,true
Polylute,Void,Damage,Hits=3,{{Color|d|25%}} chance to fire {{Color|d|lightning}} for {{Color|d|60%}} TOTAL damage up to {{Color|d|3 {{Stack|(+3 per stack)}}}} times. {{Color|v|Corrupts all Ukuleles}}.,https://static.wikia.nocookie.net/riskofrain2_gamepedia_en/images/b/b5/Polylute.png/revision/latest?cb=20220302043421,true
Power Elixir,Common,"Healing,LowHealth,AIBlacklist",,"Taking damage to below {{Color|hp|25% health}} {{Color|u|consumes}} this item, {{Color|h|healing}} you for {{Color|h|75%}} of {{Color|h|maximum health}}.",https://static.wikia.nocookie.net/riskofrain2_gamepedia_en/images/5/51/Power_Elixir.png/revision/latest?cb=20220302052852,true
Prayer Beads,Uncommon,"Utility,AIBlacklist,CannotDuplicate,HalcyoniteShrine",Stored Stats=20%,"Grows by gaining experience, storing {{Color|u|20%}} {{Stack|(+5% per item stack)}} bonus stats ({{Color|h|health}}, {{Color|h|regeneration}}, and {{Color|d|damage}}). On removal, gain all stored stats.",https://static.wikia.nocookie.net/riskofrain2_gamepedia_en/images/3/36/Prayer_Beads.png/revision/latest?cb=20240828192333,true
Predatory Instincts,Uncommon,Damage,Attack Speed Cap=36%,Gain {{Color|d|5% critical chance}}. {{Color|d|Critical strikes}} increase {{Color|d|attack speed}} by {{Color|d|12%}}. Maximum cap of {{Color|d|36% {{Stack|(+24% per stack)}} attack speed}}.,https://static.wikia.nocookie.net/riskofrain2_gamepedia_en/images/3/39/Predatory_Instincts.png/revision/latest?cb=20200129193131,true
Preon Accumulator,Equipment,,,"Fires preon tendrils, zapping enemies within 35m for up to {{Color|d|600% damage/second}}. On contact, detonate in an enormous 20m explosion for {{Color|d|4000% damage}}.",https://static.wikia.nocookie.net/riskofrain2_gamepedia_en/images/f/fe/Preon_Accumulator.png/revision/latest?cb=20200129193133,true
Primordial Cube,Equipment,,,Fire a black hole that {{Color|u|draws enemies within 30m into its center}}. Lasts 10 seconds,https://static.wikia.nocookie.net/riskofrain2_gamepedia_en/images/d/d9/Primordial_Cube.png/revision/latest?cb=20200129193135,true
Prison Matrix,Boss,WorldUnique,Armor=50%,Gain {{Color|u|+50% armor}}. Can be placed in a Matrix Terminal.,https://static.wikia.nocookie.net/riskofrain2_gamepedia_en/images/6/63/Prison_Matrix.png/revision/latest?cb=20251122223651,false
Purity,Lunar,Utility,Cooldown Reduction=2s,All skill cooldowns are reduced by {{Color|u|2}} {{Stack|(+1 per stack)}} seconds. All random effects are rolled {{Color|u|+1}} {{Stack|(+1 per stack)}} times for an {{Color|hp|unfavorable outcome}}.,https://static.wikia.nocookie.net/riskofrain2_gamepedia_en/images/d/d3/GreatStellatedDodecahedron.png/revision/latest/scale-to-width-down/200?cb=20220426134137,true
Queen's Gland,Boss,"Utility,TurretBlacklist",Beetle Guard=1,"Every 30 seconds, {{Color|u|summon a Beetle Guard}} with bonus {{Color|d|300%}} damage and {{Color|h|100% health}}. Can have up to {{Color|u|1}} {{Stack|(+1 per stack)}} Guards at a time.",https://static.wikia.nocookie.net/riskofrain2_gamepedia_en/images/b/b5/Beetle_Guard_%28Ally%29.png/revision/latest?cb=20240910203159,true
Radar Scanner,Equipment,,,{{Color|u|Reveal}} all interactables within 500m for {{Color|u|10 seconds}}.,https://static.wikia.nocookie.net/riskofrain2_gamepedia_en/images/7/7f/Radar_Scanner.png/revision/latest?cb=20200129193139,true
Razorwire,Uncommon,"Damage,AIBlacklist",Targets=5,"Getting hit causes you to explode in a burst of razors, dealing {{Color|d|160% damage}}. Hits up to {{Color|d|5}} {{Stack|(+2 per stack)}} targets in a {{Color|d|25m}} {{Stack|(+10m per stack)}} radius",https://static.wikia.nocookie.net/riskofrain2_gamepedia_en/images/a/ac/Razorwire.png/revision/latest?cb=20200129235340,true
Recycler,Equipment,,,{{Color|u|Transform}} an Item or Equipment into a different one. {{Color|u|Can only be converted into the same tier one time}}.,https://static.wikia.nocookie.net/riskofrain2_gamepedia_en/images/6/67/Recycler.png/revision/latest?cb=20200331153330,true
Red Whip,Uncommon,Utility,Movement Speed =30%,Leaving combat boosts your {{Color|u|movement speed}} by {{Color|u|30%}} {{Stack|(+30% per stack)}}.,https://static.wikia.nocookie.net/riskofrain2_gamepedia_en/images/2/2a/Red_Whip.png/revision/latest?cb=20200201131611,true
Regenerating Scrap,Uncommon,"Utility,AIBlacklist,CannotDuplicate,OnStageBeginEffect",,"Does nothing. Prioritized when used with {{Color|h|Uncommon}} 3D Printers. At the start of each stage, it regenerates.",https://static.wikia.nocookie.net/riskofrain2_gamepedia_en/images/7/77/Regenerating_Scrap.png/revision/latest?cb=20220302043224,false
Rejuvenation Rack,Legendary,Healing,Heal=100%,{{Color|h|Heal +100%}} {{Stack|(+100% per stack)}} more.,https://static.wikia.nocookie.net/riskofrain2_gamepedia_en/images/0/0a/Rejuvenation_Rack.png/revision/latest?cb=20200129193141,true
Remote Caffeinator,Equipment,,,"Request an {{Color|d|Eclipse Zero Vending Machine}} from the {{Color|d|UES Safe Travels}}. Delivery guaranteed in {{Color|u|5 seconds}}, dealing {{Color|d|2000% damage}}. {{Color|h|Heal}} up to 3 targets for {{Color|h|25% of their maximum health}}.",https://static.wikia.nocookie.net/riskofrain2_gamepedia_en/images/d/d3/Vending_Machine.png/revision/latest/scale-to-width-down/147?cb=20240920114115,true
Repulsion Armor Plate,Common,Utility,Damage Reduction=5,Reduce all {{Color|d|incoming damage}} by {{Color|d|5{{Stack| (+5 per stack)}}}}. Cannot be reduced below {{Color|d|1}}.,https://static.wikia.nocookie.net/riskofrain2_gamepedia_en/images/a/aa/Repulsion_Armor_Plate.png/revision/latest?cb=20200331155122,true
Resonance Disc,Legendary,"Damage,OnKillEffect",Damage=300%,"Killing {{Color|d|4}} enemies in {{Color|u|7 seconds}} charges the Resonance Disc. The disc launches itself toward a target for {{Color|d|300%}} base damage {{Stack|(+300% per stack)}}, piercing all enemies it doesn't kill, and then explodes for {{Color|d|1000%}} base damage {{Stack|(+1000% per stack)}}. Returns to the user, striking all enemies along the way for {{Color|d|300%}} base damage {{Stack|(+300% per stack)}}.",https://static.wikia.nocookie.net/riskofrain2_gamepedia_en/images/8/8d/Resonance_Disc.png/revision/latest?cb=20200129235341,true
Roll of Pennies,Common,"Utility,AIBlacklist",Base Gold=3,Gain {{Color|u|3 {{Stack|(+3 per stack)}} gold}} on {{Color|d|taking damage}} from an enemy. {{Color|u|Scales over time.}},https://static.wikia.nocookie.net/riskofrain2_gamepedia_en/images/e/e9/Roll_of_Pennies.png/revision/latest?cb=20220302043224,true
Rose Buckler,Uncommon,"Utility,AIBlacklist,SprintRelated",Armor=30,{{Color|h|Increase armor}} by {{Color|h|30}} {{Stack|(+30 per stack)}} {{Color|u|while sprinting}}.,https://static.wikia.nocookie.net/riskofrain2_gamepedia_en/images/2/2f/Rose_Buckler.png/revision/latest?cb=20200129193143,true
Royal Capacitor,Equipment,,,"Call down a lightning strike on a targeted monster, dealing {{Color|d|3000% damage}} and {{Color|d|stunning}} nearby monsters.",https://static.wikia.nocookie.net/riskofrain2_gamepedia_en/images/1/1d/RoyalCapactiorTexture.png/revision/latest/scale-to-width-down/200?cb=20201128063548,true
Runald's Band,Uncommon,Damage,Slow Duration=3s,"Hits that deal {{Color|d|more than 400% damage}} also blasts enemies with a {{Color|d|runic ice blast}}, {{Color|u|slowing}} them by {{Color|u|80%}} for {{Color|u|3s}} {{Stack|(+3s per stack)}} and dealing {{Color|d|250%}} {{Stack|(+250% per stack)}} TOTAL damage. Recharges every {{Color|u|10}} seconds.",https://static.wikia.nocookie.net/riskofrain2_gamepedia_en/images/0/05/Runald%27s_Band.png/revision/latest?cb=20200129193147,true
Runic Lens,Legendary,"Damage,HalcyoniteShrine",Chance=3%,"{{Color|d|3%}} chance on hit to call a meteor strike, dealing {{Color|d|2000%}} base damage. Every {{Color|d|100%}} attack damage dealt increase the activation chance by {{Color|d|3%}} {{Stack|(+3% per stack)}} and damage by {{Color|d|150%}} {{Stack|(+50% per stack)}}.",https://static.wikia.nocookie.net/riskofrain2_gamepedia_en/images/d/d3/Runic_Lens.png/revision/latest?cb=20240828192929,true
Rusted Key,Common,"Utility,AIBlacklist,OnStageBeginEffect",,A {{Color|u|hidden cache}} containing an item ({{Color|h|80%}}/{{Color|hp|20%}}) will appear in a random location {{Color|u|on each stage}}. Opening the cache {{Color|u|consumes}} this item.,https://static.wikia.nocookie.net/riskofrain2_gamepedia_en/images/9/9b/Rusted_Key.png/revision/latest?cb=20210326082529,false
Safer Spaces,Void,"Utility,BrotherBlacklist",Recharge=15s,{{Color|h|Blocks}} incoming damage once. Recharges after {{Color|u|15 seconds}} {{Stack|(-10% per stack)}} {{Color|v|Corrupts all Tougher Times}}.,https://static.wikia.nocookie.net/riskofrain2_gamepedia_en/images/9/9d/Safer_Spaces.png/revision/latest?cb=20220302040829,true
Sale Star,Uncommon,"Utility,AIBlacklist,CannotDuplicate,HalcyoniteShrine",Extra Item Count=+100%,Gain an extra item on the first chest opened per stage. {{Stack|Each additional Sale Star increases the chance of getting more items by 5%}}.,https://static.wikia.nocookie.net/riskofrain2_gamepedia_en/images/9/9e/Sale_Star_Stats.png/revision/latest/scale-to-width-down/200?cb=20240928162326,true
Sawmerang,Equipment,,,Throw {{Color|d|three large saw blades}} that slice through enemies for {{Color|d|3x400%}} damage. Also deals an additional {{Color|d|3x100% damage per second}} while {{Color|d|bleeding}} enemies. Can {{Color|d|strike}} enemies again on the way back.,https://static.wikia.nocookie.net/riskofrain2_gamepedia_en/images/6/62/Sawmerang.png/revision/latest?cb=20200331153332,true
Seed of Life,Equipment,,,Revives the user when killed or dead allies on activation. Consumed on use.,https://static.wikia.nocookie.net/riskofrain2_gamepedia_en/images/9/9e/Seed_of_Life.png/revision/latest?cb=20240828191958,true
Seed of Life (Consumed),Equipment,,,On activation places a sprout that drops healing orbs.,https://static.wikia.nocookie.net/riskofrain2_gamepedia_en/images/d/db/Seed_of_Life_%28Consumed%29.png/revision/latest?cb=20240828192013,true
Sentient Meat Hook,Legendary,Damage,Chance=20%,{{Color|d|20%}} {{Stack|(+20% per stack)}} chance on hit to {{Color|d|fire homing hooks}} at up to {{Color|d|10}} {{Stack|(+5 per stack)}} enemies for {{Color|d|100%}} TOTAL damage.,https://static.wikia.nocookie.net/riskofrain2_gamepedia_en/images/e/e7/Sentient_Meat_Hook.png/revision/latest?cb=20200129193151,true
Sentry Key,Boss,WorldUnique,Movement Speed=15%,Gain {{Color|u|+15% move speed}}. Can be placed in a Sentry Terminal or used for decryption.,https://static.wikia.nocookie.net/riskofrain2_gamepedia_en/images/e/e9/Sentry_Key.png/revision/latest?cb=20251122223707,false
Shaped Glass,Lunar,Damage,Damage=100%,Increase base damage by {{Color|d|100%}} {{Stack|(+100% per stack)}}. {{Color|h|Reduce maximum health by 50%}} {{Stack|(+50% per stack)}}.,https://static.wikia.nocookie.net/riskofrain2_gamepedia_en/images/f/ff/Shaped_Glass.png/revision/latest?cb=20200129193153,true
Shared Design,Elite Equipment,,,Become an aspect of perfection.,https://static.wikia.nocookie.net/riskofrain2_gamepedia_en/images/7/7f/Perfected_Survivors.png/revision/latest/scale-to-width-down/200?cb=20220327091311,true
Shattering Justice,Legendary,Damage,Duration=8s,"After hitting an enemy {{Color|d|5}} times, reduce their {{Color|d|armor}} by {{Color|d|60}} for {{Color|d|8}} {{Stack|(+8 per stack)}} seconds.",https://static.wikia.nocookie.net/riskofrain2_gamepedia_en/images/2/2d/Shattering_Justice.png/revision/latest?cb=20200129235342,true
Shatterspleen,Boss,Damage,Damage (Base)=400%,"Gain {{Color|d|5% critical chance}}. {{Color|d|Critical Strikes bleed}} enemies for {{Color|d|240%}} base damage. {{Color|d|Bleeding}} enemies {{Color|d|explode}} on death for {{Color|d|400%}} {{Stack|(+400% per stack)}} damage, plus an additional {{Color|d|15%}} {{Stack|(+15% per stack)}} of their maximum health.",https://static.wikia.nocookie.net/riskofrain2_gamepedia_en/images/c/cd/Shatterspleen.png/revision/latest?cb=20200811165023,true
Shipping Request Form,Uncommon,"Utility,AIBlacklist,OnStageBeginEffect",,A {{Color|u|delivery}} containing 2 items (79%/{{Color|h|20%}}/{{Color|hp|1%}}) will appear in a random location {{Color|u|on each stage}}. {{Stack|(Increases rarity chances of the items per stack).}},https://static.wikia.nocookie.net/riskofrain2_gamepedia_en/images/9/9b/Shipping_Request_Form_Stats.png/revision/latest/scale-to-width-down/200?cb=20220308002922,true
Shuriken,Uncommon,Damage,Damage=400%,Activating your {{Color|u|Primary skill}} also throws a {{Color|d|shuriken}} that deals {{Color|d|400%}} {{Stack|(+100% per stack)}} base damage. You can hold up to {{Color|u|3}} {{Stack|(+1 per stack)}} {{Color|d|shurikens}} which all reload over {{Color|u|10}} seconds.,https://static.wikia.nocookie.net/riskofrain2_gamepedia_en/images/a/ac/Shuriken.png/revision/latest?cb=20220302043445,true
Silence Between Two Strikes,Elite Equipment,,,Become an aspect of lightning.,https://static.wikia.nocookie.net/riskofrain2_gamepedia_en/images/c/cb/Overloading_Survivors.png/revision/latest/scale-to-width-down/200?cb=20220327084027,true
Singularity Band,Void,"Damage,Utility",Damage=100%,"Hits that deal {{Color|d|more than 400% damage}} also fire a black hole that {{Color|u|draws enemies within 15m into its center}}. Lasts {{Color|u|5}} seconds before collapsing, dealing {{Color|d|100%}} {{Stack|(+100% per stack)}} TOTAL damage. Recharges every {{Color|u|20}} seconds. {{Color|v|Corrupts all Runald's and Kjaro's Bands}}.",https://static.wikia.nocookie.net/riskofrain2_gamepedia_en/images/3/30/Singularity_Band.png/revision/latest?cb=20220302060147,true
Soldier's Syringe,Common,Damage,Attack Speed=15%,Increases {{Color|d|attack speed}} by {{Color|d|15%}} {{Stack|(+15% per stack)}}.,https://static.wikia.nocookie.net/riskofrain2_gamepedia_en/images/f/f2/Soldier%27s_Syringe.png/revision/latest?cb=20210329065946,true
Sonorous Whispers,Legendary,"Utility,AIBlacklist,CannotDuplicate,HalcyoniteShrine",Chance=5%,When a large monster is killed it will always drop an item. All elites have a {{Color|u|4%}} chance of dropping an item {{Stack|(+1% per stack)}}.,https://static.wikia.nocookie.net/riskofrain2_gamepedia_en/images/b/be/Sonorous_Whispers.png/revision/latest?cb=20240828193034,true
Soulbound Catalyst,Legendary,"Utility,AIBlacklist,OnKillEffect,EquipmentRelated",Cooldown Reduction=4s,{{Color|d|Kills reduce}} {{Color|u|equipment cooldown}} by {{Color|u|4s}} {{Stack|(+2s per stack)}}.,https://static.wikia.nocookie.net/riskofrain2_gamepedia_en/images/f/f1/Soulbound_Catalyst.png/revision/latest?cb=20200129193159,true
Spare Drone Parts,Legendary,"Damage,AIBlacklist,TurretBlacklist,BrotherBlacklist",Attack Speed=50%,"Gain {{Color|d|Col. Droneman}}. Drones gain {{Color|d|+50%}} {{Stack|(+50% per stack)}} attack speed and cooldown reduction. Drones gain {{Color|d|10%}} chance to fire a {{Color|d|missile}} on hit, dealing {{Color|d|300%}} TOTAL damage. Drones gain an {{Color|d|automatic chain gun}} that deals {{Color|d|6x100%}} damage, bouncing to {{Color|d|2}} enemies.",https://static.wikia.nocookie.net/riskofrain2_gamepedia_en/images/3/35/Col._Droneman.png/revision/latest?cb=20220303022446,true
Spectral Circlet,Elite Equipment,,,Become an aspect of incorporeality.,https://static.wikia.nocookie.net/riskofrain2_gamepedia_en/images/0/04/Celestine_Survivors.png/revision/latest/scale-to-width-down/200?cb=20220327094532,true
Spinel Tonic,Lunar Equipment,,,"Drink the Tonic, gaining a boost for 20 seconds. Increases {{Color|d|damage}} by {{Color|d|+100%}}. Increases {{Color|d|attack speed}} by {{Color|d|+70%}}. Increases {{Color|d|armor}} by {{Color|d|+20}}. Increases {{Color|h|maximum health}} by {{Color|h|+50%}}. Increases {{Color|h|passive health regeneration}} by {{Color|h|+300%}}. Increases {{Color|u|movespeed}} by {{Color|u|+30%}}.\r\n\r\nWhen the Tonic wears off, you have a {{Color|hp|20%}} chance to gain a {{Color|hp|Tonic Affliction, reducing all of your stats}} by {{Color|hp|-5%}} {{Stack|(-5% per stack)}}.",https://static.wikia.nocookie.net/riskofrain2_gamepedia_en/images/2/29/Spinel_Tonic.png/revision/latest?cb=20200129193202,true
Spinel Tonic,Lunar Equipment,,,"Drink the Tonic, gaining a boost for 20 seconds. Increases {{Color|d|damage}} by {{Color|d|+100%}}. Increases {{Color|d|attack speed}} by {{Color|d|+70%}}. Increases {{Color|d|armor}} by {{Color|d|+20}}. Increases {{Color|h|maximum health}} by {{Color|h|+50%}}. Increases {{Color|h|passive health regeneration}} by {{Color|h|+300%}}. Increases {{Color|u|movespeed}} by {{Color|u|+30%}}.\r\n\r\nWhen the Tonic wears off, you have a {{Color|hp|20%}} chance to gain a {{Color|hp|Tonic Affliction, reducing all of your stats}} by {{Color|hp|-5%}} {{Stack|(-5% per stack)}}.",https://static.wikia.nocookie.net/riskofrain2_gamepedia_en/images/2/29/Spinel_Tonic.png/revision/latest?cb=20200129193202,true
Squid Polyp,Uncommon,"Damage,AIBlacklist,InteractableRelated",Attack Speed=100%,Activating an interactable summons a {{Color|d|Squid Turret}} that attacks nearby enemies at {{Color|d|100% {{Stack|(+100% per stack)}} attack speed}}. Lasts {{Color|u|30}} seconds.,https://static.wikia.nocookie.net/riskofrain2_gamepedia_en/images/5/53/Jaime-a-garcia-jag-squid.jpg/revision/latest/scale-to-width-down/200?cb=20241015194854,true
Sticky Bomb,Common,Damage,Chance=5%,"{{Color|d|5%}} {{Stack|(+5% per stack)}} chance on hit to attach a {{Color|d|bomb}} to an enemy, detonating for {{Color|d|180%}} TOTAL damage.",https://static.wikia.nocookie.net/riskofrain2_gamepedia_en/images/7/74/Sticky_Bomb.png/revision/latest?cb=20200129193204,true
Stone Flux Pauldron,Lunar,Utility,Max Health=100%,Increase {{Color|h|max health}} by {{Color|h|100% {{Stack|(+100% per stack)}}}}. Reduce {{Color|u|movement speed}} by {{Color|u|50%}} {{Stack|(+50% per stack)}}.,https://static.wikia.nocookie.net/riskofrain2_gamepedia_en/images/b/b1/Stone_Flux_Pauldron.png/revision/latest?cb=20220302095820,true
Strides of Heresy,Lunar,"Utility,AIBlacklist,CannotSteal",Heal=18.2%,"{{Color|u|Replace your Utility Skill}} with {{Color|u|Shadowfade}}.\r\n\r\nFade away, becoming {{Color|u|intangible}} and gaining {{Color|u|+30% movement speed}}. {{Color|h|Heal}} for {{Color|h|18.2% {{Stack|(+18.2% per stack)}} of your maximum health}}. Lasts 3 {{Stack|(+3 per stack)}} seconds.",https://static.wikia.nocookie.net/riskofrain2_gamepedia_en/images/1/1a/Strides_of_Heresy.png/revision/latest?cb=20200129235345,true
Stun Grenade,Common,"Utility,AIBlacklist",Chance=5%,{{Color|u|5%}} {{Stack|(+5% on stack)}} chance on hit to {{Color|u|stun}} enemies for {{Color|u|2 seconds}}.,https://static.wikia.nocookie.net/riskofrain2_gamepedia_en/images/2/27/Stun_Grenade.png/revision/latest?cb=20200129193205,true
Substandard Duplicator,Legendary,"Damage,Utility",Duration=10s,{{Color|u|Picking up an item}} gives you a {{Color|t|temporary copy}} of itself. Temporary items last an additional {{Color|d|10}} {{Stack|(+10 per stack)}} {{Color|d|seconds}}.,https://static.wikia.nocookie.net/riskofrain2_gamepedia_en/images/6/6f/Substandard_Duplicator.png/revision/latest?cb=20251122214816,true
Super Massive Leech,Equipment,,,{{Color|h|Heal}} for {{Color|h|20%}} of the {{Color|d|damage}} you deal. Lasts {{Color|h|8}} seconds.,https://static.wikia.nocookie.net/riskofrain2_gamepedia_en/images/a/ae/Super_Massive_Leech.png/revision/latest?cb=20200811161830,true
Symbiotic Scorpion,Legendary,Damage,Armor Reduction=2,{{Color|d|100%}} chance on hit to reduce {{Color|d|armor}} by {{Color|d|2}} {{Stack|(+2 per stack)}} {{Color|d|permanently}}.,https://static.wikia.nocookie.net/riskofrain2_gamepedia_en/images/9/91/Symbiotic_Scorpion.png/revision/latest?cb=20220302052918,true
Tentabauble,Void,Utility,Root chance=5%,{{Color|u|5%}} {{Stack|(+5% per stack)}} chance on hit to {{Color|d|root}} enemies for {{Color|u|1s}} {{Stack|(+1s per stack)}}. {{Color|v|Corrupts all Chronobaubles}}.,https://static.wikia.nocookie.net/riskofrain2_gamepedia_en/images/6/64/Tentabauble.png/revision/latest?cb=20220302111728,true
The Back-up,Equipment,,,Call {{Color|d|4 Strike Drones}} to fight for you. Lasts 25 seconds.,https://static.wikia.nocookie.net/riskofrain2_gamepedia_en/images/3/3a/Back-up_Screen.png/revision/latest/scale-to-width-down/200?cb=20210424033730,true
The Crowdfunder,Equipment,,,Fires a continuous barrage that deals {{Color|d|100% damage per bullet}}. Costs $1 per bullet. Cost increases over time.,https://static.wikia.nocookie.net/riskofrain2_gamepedia_en/images/d/d4/The_Crowdfunder.png/revision/latest?cb=20200129193207,true
Titanic Knurl,Boss,"Utility,Healing",Maximum Health=40,{{Color|h|Increase maximum health}} by {{Color|h|40}} {{Stack|(+40 per stack)}} and {{Color|h|base health regeneration}} by {{Color|h|+1.6 hp/s}} {{Stack|(+1.6 hp/s per stack)}}.,https://static.wikia.nocookie.net/riskofrain2_gamepedia_en/images/9/9f/Titanic_Knurl.png/revision/latest?cb=20200129193208,true
Topaz Brooch,Common,"Utility,Healing,OnKillEffect",Barrier=15,Gain a {{Color|h|temporary barrier}} on kill for {{Color|h|15 health}} {{Stack|(+15 per stack)}}.,https://static.wikia.nocookie.net/riskofrain2_gamepedia_en/images/c/c5/Topaz_Brooch.png/revision/latest?cb=20200129193209,true
Tougher Times,Common,"Utility,BrotherBlacklist",Block Chance=15%,{{Color|h|15%}} {{Stack|(+15% per stack)}} chance to {{Color|h|block}} incoming damage. {{Color|u|Unaffected by luck}}.,https://static.wikia.nocookie.net/riskofrain2_gamepedia_en/images/f/f4/Graph_tougher_times.png/revision/latest/scale-to-width-down/200?cb=20200201131258,true
Transcendence,Lunar,Utility,Maximum Health=50%,{{Color|h|Convert}} all but {{Color|h|1 health}} into {{Color|h|regenerating shields}}. {{Color|h|Gain 50% {{Stack|(+25% per stack)}} maximum health}}.,https://static.wikia.nocookie.net/riskofrain2_gamepedia_en/images/8/85/Transcendence.png/revision/latest?cb=20200129193211,true
Tri-Tip Dagger,Common,Damage,Chance to Bleed=10%,{{Color|d|10%}} {{Stack|(+10% per stack)}} chance to {{Color|d|bleed}} an enemy for {{Color|d|240%}} base damage.,https://static.wikia.nocookie.net/riskofrain2_gamepedia_en/images/1/17/Tri-Tip_Dagger.png/revision/latest?cb=20200129193212,true
Trophy Hunter's Tricorn,Equipment,,,"{{Color|d|Execute}} any enemy capable of spawning a {{Color|d|unique reward}}, and it will drop that {{Color|d|item}}. Equipment is {{Color|u|consumed}} on use.",https://static.wikia.nocookie.net/riskofrain2_gamepedia_en/images/7/72/Trophy_Hunter%27s_Tricorn.png/revision/latest?cb=20220302120753,true
Trophy Hunter's Tricorn (Consumed),Equipment,,,"Looks kinda cool, but that's about it.",https://static.wikia.nocookie.net/riskofrain2_gamepedia_en/images/e/e4/Trophy_Hunter%27s_Tricorn_%28Consumed%29.png/revision/latest?cb=20220302120803,true
Ukulele,Uncommon,Damage,Targets=3,{{Color|d|25%}} chance to fire {{Color|d|chain lightning}} for {{Color|d|80%}} TOTAL damage on up to {{Color|d|3}} {{Stack|(+2 per stack)}} targets within {{Color|d|20m}} {{Stack|(+2m per stack)}}.,https://static.wikia.nocookie.net/riskofrain2_gamepedia_en/images/9/98/Ukulele.png/revision/latest?cb=20200129193213,true
Unreleased Items,,,,,https://static.wikia.nocookie.net/riskofrain2_gamepedia_en/images/0/0a/CooldownOnCrit_In_World.png/revision/latest/scale-to-width-down/200?cb=20240305012905,true
Unstable Tesla Coil,Legendary,"Damage,AIBlacklist",Targets=3,Fire out {{Color|d|lightning}} that hits {{Color|d|3}} {{Stack|(+2 per stack)}} enemies for {{Color|d|200%}} base damage every {{Color|d|0.5s}}. The Tesla Coil switches off every {{Color|d|10 seconds}}.,https://static.wikia.nocookie.net/riskofrain2_gamepedia_en/images/e/e4/Unstable_Tesla_Coil.png/revision/latest?cb=20200129193214,true
Unstable Transmitter,Uncommon,"Utility,AIBlacklist,LowHealth,HalcyoniteShrine",Uses per Stage=1,"Falling below {{Color|hp|25% health}} gives you {{Color|h|temporary barrier}} and a dimensional aura that {{Color|d|bleeds}} and {{Color|u|teleports}} away enemies for {{Color|u|8s}}. {{Color|d|Enemies killed}} by the aura {{Color|u|extend}} the duration by 1s. At the start of each stage, it regenerates",https://static.wikia.nocookie.net/riskofrain2_gamepedia_en/images/e/e0/Unstable_Transmitter.png/revision/latest?cb=20240828193252,true
Visions of Heresy,Lunar,"Damage,AIBlacklist,CannotSteal",Charges=12,"{{Color|u|Replace your Primary Skill}} with {{Color|u|Hungering Gaze}}.\r\n\r\nFire a flurry of {{Color|u|tracking shards}} that detonate after a delay, dealing {{Color|d|120%}} base damage. Hold up to 12 charges {{Stack|(+12 per stack)}} that reload after 2 seconds {{Stack|(+2 per stack)}}.",https://static.wikia.nocookie.net/riskofrain2_gamepedia_en/images/3/3c/Hungering_Gaze.png/revision/latest?cb=20200130011541,true
Voidsent Flame,Void,Damage,Damage=260%,"Upon hitting an enemy at {{Color|d|full health}}, spawn a {{Color|d|lava pillar}} in a {{Color|d|12m}} {{Stack|(+2.4m per stack)}} radius for {{Color|d|260%}} {{Stack|(+156% per stack)}} base damage. {{Color|v|Corrupts all Will-o'-the-wisps}}.",https://static.wikia.nocookie.net/riskofrain2_gamepedia_en/images/6/69/Voidsent_Flame.png/revision/latest?cb=20220302111748,true
Volcanic Egg,Equipment,,,Turn into a {{Color|d|draconic fireball}} for {{Color|d|5}} seconds. Deal {{Color|d|500% damage}} on impact. Detonates at the end for {{Color|d|800% damage}}.,https://static.wikia.nocookie.net/riskofrain2_gamepedia_en/images/2/2e/Volcanic_Egg.png/revision/latest?cb=20200129235350,true
Wake of Vultures,Legendary,"Damage,Utility,AIBlacklist,OnKillEffect",Duration=8s,Gain the {{Color|d|power}} of any killed elite monster for {{Color|d|8s}} {{Stack|(+5s per stack)}}.,https://static.wikia.nocookie.net/riskofrain2_gamepedia_en/images/f/f8/Wake_of_Vultures.png/revision/latest?cb=20200129193215,true
War Bonds,Legendary,"Damage,AIBlacklist,HalcyoniteShrine",Damage=2.5%,"During boss events, {{Color|u|5}} missiles bombard the area, dealing {{Color|d|2.5%}} {{Stack|(+2.5% per stack)}} {{Color|d|of boss' Max Health in damage}}. Before the boss event, gain additional missiles, up to a maximum of {{Color|u|20}} {{Stack|(+5 per stack)}}, per {{Color|u|50}} gold gained. {{Color|u|Gold requirement scales over time.}}",https://static.wikia.nocookie.net/riskofrain2_gamepedia_en/images/7/75/War_Bonds.png/revision/latest?cb=20240828192539,true
War Horn,Uncommon,"Damage,AIBlacklist,EquipmentRelated",Duration=8s,Activating your Equipment gives you {{Color|d|+70% attack speed}} for {{Color|d|8s}} {{Stack|(+4s per stack)}}.,https://static.wikia.nocookie.net/riskofrain2_gamepedia_en/images/9/9c/War_Horn.png/revision/latest?cb=20200129193217,true
Warbanner,Common,"Utility,AIBlacklist,TurretBlacklist",Radius=16m,"On {{Color|u|level up}} or starting the {{Color|u|Teleporter event}}, drop a banner that strengthens all allies within {{Color|u|16m}} {{Stack|(+8m per stack)}}. Raise {{Color|d|attack}} and {{Color|u|movement speed}} by {{Color|d|30%}}.",https://static.wikia.nocookie.net/riskofrain2_gamepedia_en/images/f/f0/Warbanner.png/revision/latest?cb=20200306005854,true
Warped Echo,Common,"Utility,HalcyoniteShrine",Damage Spread=3,The next source of damage is {{Color|h|reduced}} by {{Color|h|20%}} and {{Color|h|spread}} into {{Color|u|3}} {{Stack|(+1 per stack)}} {{Color|u|hits}}. All echoed damage is {{Color|u|non-lethal}} except for the final hit. Recharges every {{Color|u|15s}}.,https://static.wikia.nocookie.net/riskofrain2_gamepedia_en/images/3/3e/Warped_Echo.png/revision/latest?cb=20240828192226,true
Wax Quail,Uncommon,"Utility,SprintRelated",Boost=10m,{{Color|u|Jumping}} while {{Color|u|sprinting}} boosts you forward by {{Color|u|10m}} {{Stack|(+10m per stack)}}.,https://static.wikia.nocookie.net/riskofrain2_gamepedia_en/images/6/6c/Wax_Quail.png/revision/latest?cb=20200129193218,true
Weeping Fungus,Void,"Healing,SprintRelated",HP per second=2%,{{Color|h|Heals}} for {{Color|h|2%}} {{Stack|(+2% per stack)}} of your health every second {{Color|u|while sprinting}}. {{Color|v|Corrupts all Bustling Fungi}}.,https://static.wikia.nocookie.net/riskofrain2_gamepedia_en/images/e/e1/Weeping_Fungus.png/revision/latest?cb=20220302043223,true
Will-o'-the-wisp,Uncommon,"Damage,OnKillEffect",Damage=350%,"On killing an enemy, spawn a {{Color|d|lava pillar}} in a {{Color|d|12m}} {{Stack|(+2.4m per stack)}} radius for {{Color|d|350%}} {{Stack|(+280% per stack)}} base damage.",https://static.wikia.nocookie.net/riskofrain2_gamepedia_en/images/c/c4/Will-o%27-the-wisp.png/revision/latest?cb=20200129193219,true
